{
    "answers": {
        "phase": "testing",
        "action": "functional testing",  
        "scope": "data management", 
        "action experience": 3,
        "language": "n/a",
        "other language": "<fill in>",
        "aimodel": "chatgpt",
        "aimodel version": "4o",
        "open source aimodel": "<fill in>",
        "tool option": "online full", 
        "experience with tool": 3,
        "time allocated (h)": "0.02",
        "time saved estimate (h)": "1", 
        "quality of ai help": 2,
        "knowledge acquired": 1, 
        "generic feeling - now": 2,
        "generic feeling - future": 3,
        "threat level": 1,
        "notes": "<fill in>"
    }
}