{
    "answers": {
        "phase": "requirements specification",
        "action": "problem understanding",
        "scope":  "backend", 
        "action experience": 4,
        "language": "n/a",
        "other language": "<fill in>",
        "aimodel": "chatgpt",
        "aimodel version": "o3-mini-high",
        "open source aimodel": "<fill in>",
        "tool option":  "online full",
        "experience with tool": 4,
        "time allocated (h)": "0.02",
        "time saved estimate (h)": "0.2", 
        "quality of ai help": 4,
        "knowledge acquired": 2,
        "generic feeling - now": 3,
        "generic feeling - future": 3,
        "threat level": 1,
        "notes": "<fill in>"
    }
}