{
    "answers": {
        "phase": "requirements gathering",
        "action": "problem understanding", 
        "scope": "uml activity", 
        "action experience": 4,
        "language": "n/a",
        "other language": "<fill in>",
        "aimodel": "chatgpt",
        "aimodel version": "4o",
        "open source aimodel": "<fill in>",
        "tool option": "online full", 
        "experience with tool": 4,
        "time allocated (h)": "0.04",
        "time saved estimate (h)": "0.4", 
        "quality of ai help": 4,
        "knowledge acquired": 3, 
        "generic feeling - now": 3,
        "generic feeling - future": 3,
        "threat level": 1,
        "notes": "<fill in>"
    }
}