{
    "answers": {
        "phase": "design",
        "action": "code management",
        "scope": "frontend",
        "action experience": 4,
        "language": "n/a", 
        "other language": "<fill in>",
        "aimodel": "chatgpt",
        "aimodel version": "4o-mini",
        "open source aimodel": "<fill in>",
        "tool option": "online full",
        "experience with tool": 5,
        "time allocated (h)": "0.1",
        "time saved estimate (h)": "2", 
        "quality of ai help": 5,
        "knowledge acquired": 5,
        "generic feeling - now": 5,
        "generic feeling - future": 5,
        "threat level": 0,
        "notes": "<fill in>"
    }
}