{
    "answers": {
        "phase": "coding",
        "action": "code management",
        "scope": "backend",
        "action experience": 4,
        "language": "python",
        "other language": "<fill in>",
        "aimodel": "chatgpt",
        "aimodel version": "4o",
        "open source aimodel": "<fill in>",
        "tool option": "online full",
        "experience with tool": 5,
        "time allocated (h)": "0.1",
        "time saved estimate (h)": "0.6",
        "quality of ai help": 4,
        "knowledge acquired": 4,
        "generic feeling - now": 5,
        "generic feeling - future": 5,
        "threat level": 2,
        "notes": "<fill in>"
    }
}