{
    "answers": {
        "phase": "coding",
        "action": "source code authoring", 
        "scope": "backend",
        "action experience": 4,
        "language": "python",
        "other language": "<fill in>",
        "aimodel": "chatgpt",
        "aimodel version": "o3-mini-high",
        "open source aimodel": "<fill in>",
        "tool option": "online full",
        "experience with tool": 4,
        "time allocated (h)": "0.1",
        "time saved estimate (h)": "0.5", 
        "quality of ai help": 4,
        "knowledge acquired": 3,
        "generic feeling - now": 4,
        "generic feeling - future": 4,
        "threat level": 2, 
        "notes": "<fill in>"
    }
}